1,Timothy,Stewart,870 Harrison Street,Las Vegas,NV,89149,464-053-7756,timothy_william_stewart@live.com
2,Christina,Wright,353 2nd Avenue,Elk Point,SD,57025,661-738-0191,ci@yahoo.com
3,Amber,Anderson,7395 4th Avenue,Charlotte,NC,28211,310-092-7614,amber_lynn_anderson@aol.com
4,Kelsey,Miller,1427 Pennsylvania Avenue,Milwaukee,WI,53208,567-949-3382,k.g.miller64@hotmail.com
5,Isaac,Hall,56 Spring Street,Arvada,CO,80007,283-308-5634,isaac_hall@gmail.com
6,Dylan,Smith,642 1st Avenue,Scottsville,NY,14546,703-386-6946,dylandavidsmith68@live.com
7,Stephen,Brooks,1571 Water Street,Okreek,SD,57563,206-895-9977,s_j_brooks@live.com
8,Austin,Green,6267 Highland Avenue,Tipton,KS,67495,713-504-9709,a.c29@yahoo.com
9,Jonathan,Ross,733 Cambridge Court,New York,NY,10096,575-307-0300,jonathan.c.ross@outlook.com
10,Rachel,Hill,4545 Lafayette Avenue,Congers,NY,10920,770-726-4813,rachel@hotmail.com
11,Owen,Rogers,45 Jefferson Avenue,Fairplains,NC,28559,806-214-0592,orogers46@live.com
12,Sean,Carter,478 Main Street South,Chicago,IL,60659,757-503-7034,seancarter@outlook.com
13,Alexander,Ross,54 Prospect Avenue,Slippery Rock,PA,16057,701-642-3765,a_l_ross@hotmail.com
14,Austin,Perez,65115 Lakeview Drive,Rolla,MO,65401,424-567-1613,aperez@ymail.com
15,Aiden,Stewart,66 Durham Road,Juneau,PA,15751,408-288-0294,a.m.stewart@ymail.com
16,Amanda,Johnson,62124 Charles Street,Snow Shoe,PA,16874,208-195-0100,a.a@outlook.com
17,Patrick,Barnes,84 Durham Road,White Hall,VA,22987,617-840-0452,pbarnes@live.com
18,Sofia,Kelly,86272 Pearl Street,Brick,NJ,8723,409-105-7885,skelly@outlook.com
19,Kevin,Lopez,57757 Prospect Avenue,Lisbon,OH,44432,979-897-7427,kevin.scott@live.com
20,Tiffany,Clark,356 7th Street East,Los Altos,CA,94023,772-681-6604,tiffanyk@live.com
21,Sean,Hill,842 Front Street North,Ann Arbor,MI,48103,276-259-4631,sean_a_hill19@rocketmail.com
22,Abigail,Morgan,1698 Cedar Lane,Galena Park,TX,77547,952-709-8481,a.morgan@live.com
23,Allison,Lewis,82 Ridge Road,Leesville,OH,44639,952-578-8454,a_j_lewis@live.com
24,Ashley,Cooper,500 13th Street,Morgan City,LA,70381,231-181-9914,a_cooper@outlook.com
25,Natalie,Kelly,51 Jefferson Street,Huron,CA,93234,814-144-7514,nataliekelly60@hotmail.com
26,Kaitlyn,Butler,841 3rd Avenue,Fountain Hills,AZ,85268,941-905-5790,kaitlynfbutler@live.com
27,Benjamin,Robinson,327 Church Road,Richmondville,NY,12149,307-033-7831,b_a_robinson@outlook.com
28,Amanda,Davis,7740 Madison Street,Ackworth,IA,50001,813-153-2494,a_davis@live.com
29,Oliver,Adams,9 6th Avenue,Stearns,KY,42647,615-112-1049,oliverjamesadams@hotmail.com
30,Robert,Washington,147 Route 32,Weston,MA,2193,660-587-5089,r.washington13@ymail.com
31,Justin,Stewart,7005 Meadow Lane,Cobden,IL,62920,989-131-4309,justin@aol.com
32,Joseph,Rodriguez,4480 Penn Street,Pleasant Plains,AR,72568,508-747-3483,joseph74@live.com
33,Stephen,Henderson,45363 5th Street West,Oberlin,LA,70655,661-613-2394,s.henderson@ymail.com
34,Sebastian,Alexander,31371 Jefferson Street,Apache,OK,73006,740-552-6112,sebastianjosephalexander@live.com
35,Amelia,Mitchell,47426 2nd Avenue,Stonewall,OK,74871,407-489-8219,a.m.mitchell@outlook.com
36,Kayla,Wood,22891 Harrison Street,Needles,CA,92363,845-473-6702,kayla.louise.wood@outlook.com
37,Ryan,Young,839 2nd Street,Mayville,NY,14757,303-048-2168,ryoung42@rocketmail.com
38,Joshua,Ward,590 1st Avenue,Crocketville,SC,29913,801-707-6041,joshuaward@hotmail.com
39,Matthew,Lewis,78 Walnut Street,Margaretville,NY,12455,252-146-4728,matthew_l_lewis@outlook.com
40,Eric,Taylor,89 College Street,Santa Fe,NM,87502,689-422-1268,e_e_taylor40@hotmail.com
41,Isaac,Peterson,23228 Vine Street,Albany,NY,12208,267-375-6086,i.j.peterson@aol.com
42,Isaac,Morris,30 Summit Avenue,Louisville,KY,40291,262-341-7759,i.g.morris@live.com
43,Laura,King,2679 Spring Street,Piney View,WV,25906,574-041-6726,lking@yahoo.com
44,Kyle,Wood,47851 North Street,Baxter,WV,26560,314-300-1663,k_wood@outlook.com
45,Aaron,Barnes,84349 Route 10,Sycamore,SC,29846,757-787-6534,a_m_barnes@outlook.com
46,Danielle,Martinez,8764 Heather Lane,Ebervale,PA,18223,610-937-0392,danielleleemartinez@live.com
47,Ethan,Butler,5007 Clark Street,North Salem,NH,3073,270-492-6130,e_butler@aol.com
48,Sophia,Cox,16231 Lake Street,Greenville,UT,84731,412-230-0435,sophia.cox@aol.com
49,Isabella,Sanders,81615 East Street,Goochland,VA,23063,530-043-2662,isanders@gmail.com
50,Mateo,Turner,63652 Madison Avenue,New York Mills,MN,56567,443-828-4290,mateojoseph@gmail.com
51,Rebecca,Rogers,165 Sherwood Drive,Unionville,NY,10988,858-112-8855,rebecca.rogers@yahoo.com
52,Victoria,Ramirez,976 Dogwood Lane,Grass Lake,MI,49240,315-561-6932,victoria_mary_ramirez@gmail.com
53,Kevin,Wilson,773 Pleasant Street,Finksburg,MD,21048,863-051-6329,kswilson@aol.com
54,Stephen,Anderson,44433 Essex Court,Shirley,IN,47384,516-276-5316,stephen.anderson@hotmail.com
55,Michael,Parker,7708 Maple Street,Malta,IL,60150,949-267-8639,m.j.parker@yahoo.com
56,Claire,Brooks,346 Franklin Street,Wilmington,NC,28404,704-968-9946,clairebrooks@ymail.com
57,Sarah,Jenkins,951 Myrtle Avenue,Galloway,OH,43119,954-944-9947,s_jenkins@gmail.com
58,Abigail,White,53267 Cherry Lane,Fort Lauderdale,FL,33318,563-030-6339,a.white23@aol.com
59,Samuel,Collins,28 Harrison Street,Etlan,VA,22719,603-784-6915,samuel.collins@aol.com
60,Lauren,Walker,148 Route 10,Tuppers Plains,OH,45783,925-572-8258,laurenelizabethwalker@live.com
61,Aubrey,Wright,46 Holly Drive,Atlanta,GA,30366,508-498-5428,awright@ymail.com
62,Richard,Williams,307 10th Street,Muncy,PA,17756,901-005-3734,richard.williams@aol.com
63,Layla,Rivera,147 3rd Avenue,Spencerville,OK,74760,539-979-7044,l.rivera@hotmail.com
64,Julian,Hernandez,43 Mulberry Street,El Paso,TX,79951,415-009-8349,j.hernandez50@ymail.com
65,Joshua,Price,700 Colonial Drive,Tilghman,MD,21671,260-670-2225,joshuathomasprice@aol.com
66,Mark,Price,96459 1st Street,Pittsburgh,PA,15212,667-110-3719,mprice@rocketmail.com
67,Brittany,Foster,19117 Route 30,Greenwood,NE,68366,908-375-4991,b_foster37@ymail.com
68,Brandon,Sanders,43 Walnut Avenue,Slingerlands,NY,12159,571-148-7754,brandon.r.sanders@live.com
69,Audrey,Lewis,658 9th Street,Columbus,AR,71831,707-549-5871,audrey_k_lewis@aol.com
70,Justin,Adams,8035 Main Street West,Midland,TX,79706,331-655-6626,j.g.adams@hotmail.com
71,Zachary,Bennett,28796 Route 30,Federal Way,WA,98093,301-359-3381,zachary@ymail.com
72,Julian,Ward,7690 Grant Street,Orem,UT,84059,720-911-9838,julianward@aol.com
73,Steven,Ward,91544 5th Street West,Tucson,AZ,85724,432-521-4291,steven_richard_ward@hotmail.com
74,Austin,Sanders,73430 3rd Street West,Barranquitas,PR,794,906-244-2188,austin.wayne.sanders50@hotmail.com
75,David,Hill,88107 Myrtle Avenue,Vero Beach,FL,32968,716-447-8067,d_l_hill@rocketmail.com
76,Sara,Long,3525 Liberty Street,Brockway,MT,59214,202-888-0572,saralong58@yahoo.com
77,Alyssa,Hughes,89 2nd Street East,Yoncalla,OR,97499,734-780-5398,a_j_hughes@live.com
78,Jose,Kelly,1230 Pleasant Street,San Antonio,TX,78286,786-570-1262,j.kelly@gmail.com
79,Owen,Gonzales,46 Lincoln Avenue,Pasadena,CA,91131,334-051-8067,o_h_gonzales91@ymail.com
80,Kaitlyn,Watson,1543 Walnut Street,Comstock,NY,12821,301-254-3619,kaitlynwatson@ymail.com
81,Emily,Moore,61 Mulberry Street,Tucson,AZ,85705,727-289-1074,emoore@rocketmail.com
82,Gabriel,Thomas,4838 Route 10,Littleton,CO,80126,936-251-8795,g.s.thomas@live.com
83,Kaitlyn,Stewart,450 King Street,Grampian,PA,16838,218-505-6128,kaitlyn.m.stewart@live.com
84,Sophia,Howard,2360 Clark Street,Minneapolis,MN,55416,505-907-0286,sophia34@yahoo.com
85,Michael,Rogers,46 Hickory Lane,Hartwick,IA,52232,484-290-9585,michael_robert_rogers@gmail.com
86,Abigail,Henderson,5156 Maple Avenue,New Kent,VA,23124,774-071-9888,ahenderson@rocketmail.com
87,Chelsea,Turner,4200 Highland Drive,Memphis,MI,48041,415-964-0061,c.l.turner@rocketmail.com
88,Sophia,Bennett,2855 Central Avenue,Dolliver,IA,50531,202-857-6152,s_a@aol.com
89,Zachary,Davis,72 Grant Street,Ellicottville,NY,14731,412-125-0065,z_m_davis@ymail.com
90,Danielle,Torres,99 Fairway Drive,Argyle,IA,52619,425-982-5465,danielle.rose.torres@yahoo.com
91,Alyssa,Perez,15 Clark Street,Thomson,IL,61285,915-835-5601,a_perez@aol.com
92,Kelsey,Collins,6058 5th Street North,Nerstrand,MN,55053,470-367-3903,kelseym@yahoo.com
93,Christina,Rodriguez,2050 Division Street,Fannin,TX,77960,931-253-7106,cmrodriguez@hotmail.com
94,Stephanie,Williams,6379 5th Avenue,Ancramdale,NY,12503,801-523-8472,s_j@yahoo.com
95,Joseph,Coleman,5776 2nd Street,Lafayette,LA,70507,470-871-9808,joseph.coleman@aol.com
96,Alexander,Ward,2455 Broadway,Alliance,OH,44601,228-594-9169,a.m.ward@live.com
97,Tyler,Morgan,41 Elm Street,Franklin,VA,23851,505-779-9923,t.morgan69@rocketmail.com
98,Rachel,Reed,75810 Church Road,Jacksonville,IL,62650,253-408-4395,r_r_reed@rocketmail.com
99,Jose,Long,9114 Park Avenue,Los Angeles,CA,90035,562-833-2083,j_r_long@hotmail.com
100,Sarah,Wilson,596 Mill Road,Dulles,VA,20101,212-123-7128,sarahruthwilson@rocketmail.com
101,Katherine,Cox,70 Pennsylvania Avenue,Bowmanstown,PA,18030,464-485-7603,k_m_cox@rocketmail.com
102,Christina,Richardson,4464 Front Street,Dundee,OH,44624,707-612-2229,christina.richardson@live.com
103,Mateo,Bailey,2138 Brookside Drive,Port William,OH,45164,580-351-9071,mateow@rocketmail.com
104,Layla,Carter,89595 Oak Street,Redlake,MN,56671,307-977-7277,laylamichellecarter@gmail.com
105,Jasmine,Rodriguez,593 Heather Lane,Templeton,IA,51463,409-106-2407,jasmine.rodriguez@ymail.com
106,Eleanor,Patterson,7905 Clinton Street,Elgin,SC,29045,830-866-2960,epatterson@yahoo.com
107,Ava,Kelly,4225 Heather Lane,Emma,IL,62834,440-145-2445,avam@rocketmail.com
108,Alexis,Harris,88720 Holly Drive,Brea,CA,92822,740-253-7956,alexis.harris@live.com
109,Henry,Cook,4910 Liberty Street,Endeavor,PA,16322,815-270-3912,hcook79@hotmail.com
110,Benjamin,Phillips,104 Ridge Avenue,Clyde Park,MT,59018,252-073-5632,benjaminphillips@gmail.com
111,Danielle,Lopez,42 Church Street,Rose Bud,AR,72137,805-446-8884,d.l.lopez@aol.com
112,Robert,Gray,4249 6th Street,Jackson,MS,39286,206-604-6413,robert_w_gray93@ymail.com
113,Aaron,Jackson,718 Colonial Drive,Grove City,MN,56243,763-251-3123,ajackson@aol.com
114,Brittany,Diaz,7719 Railroad Avenue,Gravois Mills,MO,65037,563-764-5347,b.m.diaz@aol.com
115,Grace,Taylor,35615 4th Street,Omaha,NE,68145,469-580-5832,g.taylor@yahoo.com
116,Elizabeth,Patterson,32265 Oak Street,Forsyth,MT,59327,786-185-3227,e_patterson@aol.com
117,Alexander,White,138 Spruce Street,San Jose,CA,95127,443-442-8546,alexander25@rocketmail.com
118,Layla,Brooks,82 3rd Street,Grand Junction,TN,38039,470-273-4251,l.brooks90@rocketmail.com
119,Amelia,Jones,8205 Walnut Avenue,San Francisco,CA,94171,657-954-0431,ajones@outlook.com
120,Owen,Wood,297 Brookside Drive,Oxnard,CA,93030,814-208-0442,owenwood@gmail.com
121,John,Robinson,976 4th Street West,Wantagh,NY,11793,231-892-6181,j.robinson29@live.com
122,Olivia,Alexander,197 Harrison Street,Neffs,PA,18065,935-670-2459,o.g.alexander@yahoo.com
123,Courtney,Henderson,17 Adams Street,Shingle Springs,CA,95682,901-889-1628,crhenderson20@aol.com
124,Sarah,Long,8 State Street,Tulsa,OK,74156,559-428-9096,slong@aol.com
125,Rachel,Flores,1623 Primrose Lane,Medical Lake,WA,99022,424-281-5158,rachelmargaretflores@yahoo.com
126,Timothy,Roberts,91366 Main Street,Monterey,CA,93940,278-340-8569,timothy@live.com
127,Julian,Wood,3152 1st Street,Fort Pierce,FL,34982,404-175-2296,julian.wood@rocketmail.com
128,Julian,Williams,314 Summit Street,Smithville,OH,44677,770-601-5922,julianwilliams@gmail.com
129,Nicole,Howard,62748 6th Avenue,Alpine,TX,79831,803-496-3258,nicole.louise.howard@ymail.com
130,Anna,White,264 Prospect Street,Glendale,MA,1229,845-729-8132,a.white@gmail.com
131,Sarah,Bryant,4929 Main Street South,Tyner,NC,27980,715-807-5589,sarah_sue@rocketmail.com
132,Rebecca,Anderson,12 Mill Road,McBee,SC,29101,573-891-1356,r.anderson@hotmail.com
133,Aaron,Taylor,70649 Green Street,Dewitt,IL,61735,515-221-5966,a_taylor@aol.com
134,Hannah,Foster,682 Summit Avenue,Montoursville,PA,17754,484-937-1358,hrfoster@ymail.com
135,Aiden,Jenkins,97341 Durham Road,Orlando,FL,32807,425-931-1219,aiden.eugene.jenkins@aol.com
136,Ava,Garcia,3139 Cherry Street,Clearfield,KY,40313,201-121-7477,ava@rocketmail.com
137,Charles,Rivera,656 Spring Street,Orange Park,FL,32073,779-335-9780,charles_rivera@live.com
138,Adam,Phillips,8513 Hillside Drive,Marbury,MD,20658,614-120-2041,adam.allen.phillips97@outlook.com
139,Rachel,Lopez,36 Clark Street,Minneapolis,MN,55417,312-755-7929,r_lopez54@yahoo.com
140,Timothy,Green,705 Cherry Street,Detroit,MI,48297,667-775-9254,t_a_green89@rocketmail.com
141,Claire,Flores,53395 4th Avenue,Canones,NM,87516,957-693-7346,claire_flores@gmail.com
142,Grace,Washington,1067 Cambridge Court,Big Bend National Park,TX,79834,772-482-4655,grace_washington@rocketmail.com
143,Patrick,Martinez,767 Belmont Avenue,Beaumont,TX,77726,330-050-2310,patrickmartinez95@rocketmail.com
144,Tyler,Henderson,829 Holly Drive,Tallahassee,FL,32313,952-399-3915,tyler.henderson@yahoo.com
145,Stephanie,Patterson,72470 Spring Street,Trenton,NJ,8611,385-645-2123,stephanie@hotmail.com
146,Jose,Sanchez,8475 Heather Lane,Speaks,TX,77985,747-022-1387,jose.t11@yahoo.com
147,Victoria,Richardson,50 Pine Street,Topeka,KS,66603,971-644-9858,victoriarichardson@aol.com
148,Gabriel,Simmons,6172 Main Street,Woodville,WV,25572,540-883-6442,gabrielrsimmons@ymail.com
149,Nicole,Cox,28973 Highland Drive,Sacramento,CA,95816,563-021-8996,nicolei@outlook.com
150,Tyler,Peterson,1568 Berkshire Drive,Maysville,NC,28555,563-083-7481,tyler.peterson30@aol.com
151,Brianna,Gonzales,16 4th Street,Empire,LA,70050,563-960-8986,brianna97@gmail.com
152,Amelia,Russell,101 Durham Road,Axtell,UT,84621,831-906-1742,amelia.m@ymail.com
153,James,Clark,76 2nd Avenue,Lost Springs,KS,66859,802-933-2809,j_clark86@live.com
154,Taylor,Campbell,250 Highland Avenue,Columbia,MD,21044,810-721-8079,taylor_anne2@gmail.com
155,Charlotte,Lewis,18311 Washington Street,Portland,OR,97213,603-945-9053,charlotte.s@aol.com
156,James,Rodriguez,829 Center Street,McConnellsville,NY,13401,830-342-6598,j_a_rodriguez83@hotmail.com
157,Nicholas,Allen,77 Front Street North,Hebron,OH,43025,703-290-3203,n_r_allen@ymail.com
158,Audrey,Russell,59 Bridge Street,Dannemora,NY,12929,216-122-2969,a_l42@aol.com
159,Jeremy,Patterson,35 Jefferson Avenue,Clarksburg,WV,26306,772-664-8932,jeremyepatterson@gmail.com
160,Abigail,Cox,104 State Street,Peterman,AL,36471,689-050-4141,acox92@yahoo.com
161,Mateo,Martin,18826 Delaware Avenue,Arvada,CO,80003,319-768-5242,mateo_martin@live.com
162,Jessica,Ward,95556 Broad Street,Vancouver,WA,98685,907-970-2621,j.ward@rocketmail.com
163,Evelyn,Brooks,87442 Linden Street,Hesperia,CA,92340,765-189-1790,erbrooks@live.com
164,Jeremy,Watson,8867 7th Street East,Cameron,OK,74932,442-810-5694,jeremy_a_watson@aol.com
165,Kevin,Jenkins,71771 Division Street,Metcalf,IL,61940,318-895-4332,kevin_jenkins@outlook.com
166,Joshua,Henderson,7676 Delaware Avenue,Fostoria,OH,44830,386-631-1175,joshua.a.henderson@rocketmail.com
167,Dylan,Gray,39 Madison Avenue,Des Moines,IA,50310,220-204-7597,d.j.gray27@live.com
168,Justin,Phillips,48078 1st Avenue,Brazeau,MO,63737,219-261-1353,justinphillips23@hotmail.com
169,Alexis,Watson,802 Park Place,Southwest Harbor,ME,4679,858-188-5182,alexis.irene.watson@yahoo.com
170,Ethan,Lewis,8591 2nd Street East,Lake Monroe,FL,32747,283-694-5532,ethan.j63@yahoo.com
171,Danielle,Cooper,2689 7th Avenue,Branchport,NY,14418,206-172-7846,d_a_cooper@outlook.com
172,James,Hernandez,457 River Road,Bapchule,AZ,85221,727-687-6992,james.hernandez96@live.com
173,Samuel,Mitchell,68660 Monroe Street,Saint Petersburg,PA,16054,636-296-9410,samueldavidmitchell@live.com
174,Emily,Sanders,8842 Pine Street,Hyde Park,UT,84318,315-233-4137,emily@hotmail.com
175,Ethan,Young,4 Jefferson Avenue,Morrison,CO,80465,580-312-4206,ethanandrewyoung@live.com
176,Sebastian,Alexander,82335 Essex Court,Oviedo,FL,32765,563-086-4094,sebastian.alexander@ymail.com
177,Daniel,Thomas,924 Main Street West,Pensacola,FL,32575,401-549-6760,danielandrewthomas@aol.com
178,Ryan,Allen,378 Colonial Drive,Midvale,ID,83645,952-387-2077,r_d_allen@hotmail.com
179,Taylor,Evans,110 Spruce Street,Sasabe,AZ,85633,703-304-6840,tkevans@live.com
180,Tyler,Bell,49 Valley Road,Butler,OK,73625,434-504-4585,tyler.richard.bell80@yahoo.com
181,Victoria,Lopez,203 Route 10,Nebo,NC,28761,219-981-7655,victoria_rose_lopez59@aol.com
182,Ryan,Rivera,810 River Street,Middlebury,IN,46540,207-521-5532,r.g.rivera@ymail.com
183,Sara,Foster,91 Fairview Avenue,Winterset,IA,50273,470-207-5931,safoster@gmail.com
184,Michelle,Robinson,98 Mill Road,Presto,PA,15142,917-021-8790,michelle.m.robinson@ymail.com
185,Jessica,Lopez,331 Madison Street,Ruckersville,VA,22968,516-452-9962,j_lopez@ymail.com
186,Jose,Hall,8494 Pearl Street,Viroqua,WI,54665,813-004-9108,jose_hall9@aol.com
187,Mateo,Garcia,92865 Front Street North,Pleasantville,NY,10571,814-666-5347,mateogarcia@rocketmail.com
188,Kyle,Hernandez,11 7th Street East,Winside,NE,68790,321-594-0263,kyle@live.com
189,Kyle,Stewart,29042 Hill Street,Asheville,NC,28805,605-539-8382,k.j.stewart26@outlook.com
190,Nathan,Evans,26592 Route 30,Weston,MO,64098,947-244-3160,nathan.l.evans92@hotmail.com
191,Jessica,Richardson,15021 Liberty Street,Hauppauge,NY,11788,623-507-0574,j.richardson19@outlook.com
192,Chelsea,Roberts,2895 South Street,Westport Point,MA,2791,410-341-6875,chelsea@live.com
193,Emily,Jackson,82936 Water Street,New Cumberland,WV,26047,714-903-8839,e.jackson@hotmail.com
194,Michelle,Miller,439 Elm Street,Gilchrist,TX,77617,630-797-7377,m.l.miller@gmail.com
195,Isaac,James,62 Hillcrest Drive,Corolla,NC,27927,201-048-0954,isaactjames72@rocketmail.com
196,Kimberly,Bryant,86 Locust Street,Watertown,NY,13601,225-692-8253,k.bryant@yahoo.com
197,Haley,Adams,9570 Oak Lane,Palmetto,LA,71358,225-839-2358,hadams34@live.com
198,Joshua,Garcia,456 Church Road,Mongaup Valley,NY,12762,331-861-3848,j_garcia@yahoo.com
199,Erin,Davis,18 Route 10,Lake Elsinore,CA,92530,714-039-5916,erin@outlook.com
200,Jasmine,Howard,79 Lincoln Avenue,Hawk Point,MO,63349,505-142-0058,jasmine@outlook.com
201,Andrew,Carter,80 Elizabeth Street,Menomonee Falls,WI,53051,207-615-0805,andrewcarter10@hotmail.com
202,Aubrey,Flores,6523 Laurel Street,Moclips,WA,98562,252-156-3219,aubrey_a_flores@rocketmail.com
203,Danielle,Rogers,28420 Clark Street,Edmonds,WA,98020,224-434-2754,danielle@outlook.com
204,Danielle,Young,45960 Winding Way,Alfred,NY,14802,267-218-8740,d_s_young@hotmail.com
205,Joseph,Miller,70808 Magnolia Drive,Guymon,OK,73942,904-917-2256,joseph_miller@gmail.com
206,Emily,Wood,3917 7th Street East,Ohley,WV,25147,612-263-7515,ewood@hotmail.com
207,Patrick,Flores,9166 2nd Avenue,Zanoni,VA,23191,947-958-3228,p_flores@yahoo.com
208,Laura,Taylor,29309 3rd Street,Sterling,OK,73567,864-623-6112,lntaylor@yahoo.com
209,Isabella,Hughes,97325 Beech Street,Geraldine,MT,59446,406-591-2921,i.r.hughes@outlook.com
210,Melissa,Bailey,8632 Grove Street,Lawrence,MS,39336,580-915-3025,m.r.bailey@ymail.com
211,Oliver,Alexander,9119 Essex Court,Crosby,ND,58730,302-542-7191,oliver.francis.alexander78@outlook.com
212,Abigail,Flores,9 Route 1,Savannah,GA,31406,562-692-1419,akflores@yahoo.com
213,Owen,Campbell,3229 College Avenue,Berthold,ND,58718,935-079-5906,o_r@gmail.com
214,Mark,Carter,592 Berkshire Drive,Los Angeles,CA,90076,916-277-5932,mcarter@hotmail.com
215,Joseph,Turner,48 Broad Street,Utica,NY,13503,626-104-1645,josephturner62@gmail.com
216,Amelia,Cook,5 Franklin Avenue,Nilwood,IL,62672,479-983-8706,a.cook@yahoo.com
217,Brandon,Morgan,63 3rd Street,Scotland,CT,6264,351-383-8973,b.m.morgan@hotmail.com
218,William,Price,715 8th Street,Corpus Christi,TX,78469,469-274-4797,william@live.com
219,Olivia,James,3234 Circle Drive,Archer,NE,68816,616-600-4681,oljames@live.com
220,Grace,Johnson,921 Park Place,Perkins,GA,30822,360-725-1023,g_johnson@yahoo.com
221,Grace,Hill,431 Warren Street,Mongaup Valley,NY,12762,706-139-5161,grace@rocketmail.com
222,Jonathan,Miller,63 Franklin Avenue,Yorktown Heights,NY,10598,332-146-6401,jmiller@live.com
223,Nathan,Bailey,92557 Prospect Avenue,Lydia,LA,70569,310-004-6499,nabailey34@outlook.com
224,Kevin,Torres,3 6th Street North,Crab Orchard,TN,37723,419-819-2582,ketorres@yahoo.com
225,Kayla,Murphy,16 Cambridge Drive,Apex,NC,27539,975-140-0160,krmurphy@aol.com
226,Alyssa,Wilson,73 2nd Street East,Allison,TX,79003,332-937-3320,akwilson@outlook.com
227,Courtney,Parker,254 Lincoln Avenue,Roper,NC,27970,508-031-7135,c_e_parker@yahoo.com
228,Kyle,Henderson,73670 Walnut Avenue,Leavenworth,KS,66048,972-120-2987,kyle.ray.henderson@live.com
229,Alyssa,Parker,364 South Street,Mount Hermon,KY,42157,407-429-0094,a.parker@aol.com
230,Aiden,Evans,8474 4th Street North,East Providence,RI,2914,240-351-3550,a.evans@hotmail.com
231,Ava,Thomas,51 Lincoln Avenue,Abbeville,MS,38601,305-105-1985,ava_i_thomas@outlook.com
232,Tiffany,Clark,5 Maple Street,Phoenix,AZ,85065,850-441-3033,tiffany_l_clark@yahoo.com
233,Brianna,Washington,86 Park Drive,Brill,WI,54818,646-067-3378,brianna_washington@yahoo.com
234,Stephen,Walker,2441 10th Street,Menan,ID,83434,679-178-5871,stephenwalker@gmail.com
235,Chelsea,Campbell,3692 College Street,Stoutsville,OH,43154,512-947-0536,c_campbell@aol.com
236,Jason,Wilson,44 Spruce Street,Welches,OR,97067,205-549-0852,jason_wilson@outlook.com
237,Thomas,Johnson,4879 State Street,Trujillo Alto,PR,977,223-241-9853,tjohnson@ymail.com
238,Mateo,Reed,86132 Summit Street,Moon,VA,23119,863-639-5667,m_reed@ymail.com
239,Jose,Gray,37205 Willow Street,Sycamore,KS,67363,307-037-8862,j_g_gray@aol.com
240,Timothy,Scott,926 Dogwood Lane,Saint Paul,MN,55123,641-189-0029,timothy_scott@outlook.com
241,Charles,Richardson,8013 Main Street East,Parker Dam,CA,92267,743-291-3456,charles_richardson@live.com
242,Sofia,Phillips,718 Front Street,Willow Grove,PA,19090,313-751-0236,sphillips49@gmail.com
243,Ashley,King,28675 Elizabeth Street,Herman,NE,68029,412-042-2994,a.king49@gmail.com
244,Olivia,Torres,748 3rd Street,Alhambra,CA,91801,949-410-1789,olivia.r.torres@aol.com
245,Brittany,Hill,7271 Hamilton Street,Greeley,CO,80639,682-653-6330,bhill@aol.com
246,Aaron,Powell,67 Adams Street,Raymond,IL,62560,929-116-1611,a.powell@ymail.com
247,Victoria,Bell,42 4th Avenue,Austin,TX,78762,856-060-3572,vbell@aol.com
248,Danielle,Young,30497 Route 32,New York,NY,10169,276-986-6574,danielle.young@outlook.com
249,Layla,Brown,9578 Railroad Street,New Castle,PA,16107,629-246-7868,l.brown@ymail.com
250,Austin,Cook,32137 State Street,Saint Amant,LA,70774,609-883-3220,austin.cook@hotmail.com
251,Michael,Turner,33 Primrose Lane,Shanks,WV,26761,831-374-2860,michael_david_turner46@outlook.com
252,Samantha,Jones,45 Franklin Avenue,Boca Raton,FL,33427,254-558-0385,samantham@live.com
253,Nicole,Campbell,4656 3rd Street,Ocala,FL,34471,424-539-7061,ncampbell@hotmail.com
254,Emma,Smith,84 River Street,Charleston,SC,29492,662-808-3552,emmasmith@hotmail.com
255,Amelia,Simmons,27 Shady Lane,Evansville,IN,47719,979-706-4573,asimmons@yahoo.com
256,Danielle,Powell,3921 Clinton Street,Anaheim,CA,92812,917-049-2932,danielle.e.powell35@live.com
257,Mark,Jackson,2 11th Street,New York,NY,10169,915-333-3369,markdavidjackson@rocketmail.com
258,Kyle,Perry,6679 Lakeview Drive,Plainfield,NJ,7060,772-321-2246,k_a_perry@aol.com
259,Sofia,Collins,304 Summit Avenue,Waldwick,NJ,7463,615-002-1290,sofia_collins@rocketmail.com
260,Sean,Sanders,809 Route 1,Neola,UT,84053,760-380-6661,s_j_sanders98@live.com
261,Brian,Washington,241 3rd Street West,Pharr,TX,78577,281-064-0316,b_j_washington77@live.com
262,Laura,Morris,631 Grove Street,Hollywood,FL,33083,830-927-2438,laura.l@live.com
263,Isaac,Russell,226 Franklin Avenue,Yorktown,AR,71678,906-196-2647,isaac_w@rocketmail.com
264,Amanda,Evans,33 Oak Lane,Raleigh,NC,27605,912-546-1907,amanda_michelle_evans@ymail.com
265,Sean,Hernandez,26 Hilltop Road,Midway,TN,37809,424-270-5063,shernandez@aol.com
266,Joseph,Reed,931 Highland Avenue,New Plymouth,ID,83655,801-373-7765,joseph_reed@hotmail.com
267,Laura,Young,153 Pennsylvania Avenue,Koeltztown,MO,65048,504-750-7250,lyoung@ymail.com
268,Henry,Walker,55 Madison Avenue,Eureka,CA,95501,786-788-5346,hwalker14@rocketmail.com
269,Justin,Rogers,94 College Avenue,Quitman,AR,72131,770-247-0123,jerogers43@aol.com
270,Kevin,Lopez,8 Monroe Street,Thompsons Station,TN,37179,518-604-5771,k_lopez@yahoo.com
271,Sebastian,Henderson,3472 Park Drive,Mulliken,MI,48861,516-298-9619,s.henderson50@live.com
272,Taylor,Washington,79 7th Street East,Madrid,NY,13660,620-074-9451,taylor.washington@ymail.com
273,Claire,Patterson,2918 Summit Street,San Diego,CA,92192,505-810-2413,cpatterson79@ymail.com
274,Oliver,Bell,72 Clark Street,Suamico,WI,54173,949-958-8708,o.bell@live.com
275,Abigail,Thomas,22 Cherry Lane,Kirkwood,CA,95646,507-772-2440,a_m@hotmail.com
276,Sarah,Green,925 Hilltop Road,Guadalupita,NM,87722,413-331-9772,sarah_r_green@gmail.com
277,Nathan,Rogers,68 4th Street West,Vallejo,CA,94590,762-157-4624,nathan.rogers73@gmail.com
278,Kimberly,Morgan,40006 Meadow Lane,Worcester,MA,1607,616-039-4985,kimberlyamorgan@yahoo.com
279,Layla,Young,62 Magnolia Drive,Viola,IL,61486,425-330-0922,l_young@yahoo.com
280,James,Garcia,71096 Hilltop Road,Ucon,ID,83454,862-586-8883,jrgarcia97@ymail.com
281,Courtney,Jones,687 Ridge Road,Walkertown,NC,27051,931-465-9247,c.m.jones10@yahoo.com
282,Alexandra,Foster,66 Route 6,Springfield,MO,65805,626-959-6322,alexandrafoster@gmail.com
283,Amanda,Morgan,34 Center Street,Plumville,PA,16246,901-022-8374,a.l.morgan@ymail.com
284,Michael,Jackson,32 2nd Street East,Hatboro,PA,19040,804-851-0158,mjackson@gmail.com
285,Jeremy,Robinson,91 Magnolia Drive,Schuyler Falls,NY,12985,586-499-3819,j.f.robinson68@yahoo.com
286,Dylan,Thompson,41 Laurel Lane,Chestertown,MD,21620,702-740-5320,d_thompson@yahoo.com
287,Amanda,Murphy,652 Ridge Road,Pikeville,KY,41502,935-068-4251,amandamurphy18@hotmail.com
288,Nicholas,James,202 10th Street,Melvindale,MI,48122,681-509-1668,nicholas_eugene@yahoo.com
289,Jeremy,Young,29309 Circle Drive,Sumatra,MT,59083,612-660-1318,jeremycharlesyoung@rocketmail.com
290,Laura,Baker,64 Chestnut Street,Windsor,NJ,8561,606-219-9114,laura@rocketmail.com
291,Alexander,Wilson,8678 Walnut Street,Naples,FL,34116,405-906-9614,a.wilson82@gmail.com
292,John,Gonzales,7782 River Road,Coeymans Hollow,NY,12046,501-146-0532,jgonzales@hotmail.com
293,Jose,Griffin,133 Virginia Avenue,Bristol,VA,24209,205-655-1976,jose.alan.griffin6@gmail.com
294,Kaitlyn,Flores,51799 Dogwood Lane,Knightdale,NC,27545,781-901-4113,kaitlyn.e.flores@aol.com
295,Jasmine,Powell,80095 Summit Street,Harrisburg,PA,17102,412-304-0145,jasmine.rose.powell@gmail.com
296,Heather,Foster,769 Church Street,Smyrna,MI,48887,575-671-6798,heather_foster@ymail.com
297,Stephanie,Hughes,30 West Street,Bodfish,CA,93205,401-408-5067,stephanie@ymail.com
298,Melissa,Wright,55 Clinton Street,Maricopa,AZ,85239,571-733-0936,mwright@aol.com
299,Richard,Howard,211 Meadow Lane,Fresno,CA,93759,719-387-1110,r.a.howard@hotmail.com
300,Charles,Wilson,6198 Elm Avenue,Cameron,NY,14819,423-983-9200,charles.wilson1@rocketmail.com
301,Jason,King,988 Buckingham Drive,Coleraine,MN,55722,339-121-4233,jasonking@live.com
302,Elizabeth,Adams,115 Grove Street,Wilseyville,CA,95257,501-532-9898,elizabeth_r_adams@outlook.com
303,Aaron,Howard,272 Market Street,Brooklyn,NY,11224,910-796-4291,aaronhoward@ymail.com
304,Joseph,Clark,12 7th Avenue,Greig,NY,13345,424-502-6421,j.c.clark95@gmail.com
305,Patrick,Hayes,968 Main Street South,Ledyard,CT,6339,208-070-2011,p_w_hayes@ymail.com
306,Sofia,Parker,404 Colonial Drive,Center Harbor,NH,3226,703-464-8446,sofia_parker@gmail.com
307,Jack,Murphy,419 Magnolia Drive,Solway,MN,56678,920-293-2093,jackmurphy6@hotmail.com
308,Samuel,Cooper,1318 New Street,Dallas,TX,75242,314-268-9750,s.a.cooper24@hotmail.com
309,Zachary,Ward,4354 Maple Street,Pacolet,SC,29372,216-296-5707,zdward@outlook.com
310,John,Clark,18 New Street,Long Beach,CA,90802,203-791-5839,j.t@yahoo.com
311,Robert,Rodriguez,30 Broad Street,Highwood,IL,60040,973-092-6421,rrodriguez@aol.com
312,Eleanor,Patterson,14 5th Avenue,Cambridge,WI,53523,835-646-6171,eleanor.patterson@gmail.com
313,John,Ward,70 Belmont Avenue,Starr,SC,29684,301-525-4722,johnward@hotmail.com
314,Brian,Foster,6971 Front Street,Providence,RI,2940,352-323-6641,b.e.foster@outlook.com
315,Timothy,Brooks,11 Church Street,Cohagen,MT,59322,864-269-6451,timothytbrooks45@live.com
316,Steven,Jackson,8391 5th Street,Fort Wayne,IN,46865,608-390-5967,sajackson9@rocketmail.com
317,Lauren,Murphy,944 9th Street,McCoy,CO,80463,214-683-5823,l.a97@yahoo.com
318,Danielle,Reed,872 Adams Street,Avon Lake,OH,44012,927-015-2743,danielle@gmail.com
319,Charles,Foster,82391 Lincoln Avenue,Cedarhurst,NY,11516,425-554-7607,charles_foster@live.com
320,Grace,Hayes,8401 Holly Drive,Loving,NM,88256,615-308-6673,grace.rose.hayes12@outlook.com
321,Amber,Martinez,42585 Creek Road,Indianapolis,IN,46224,423-081-5986,a.i.martinez@live.com
322,Brittany,Coleman,5887 Warren Street,Garrett,WY,82058,443-088-2585,brittany.l.coleman95@gmail.com
323,Rebecca,Brown,570 Pearl Street,Canton,OH,44709,636-042-5271,rsbrown@ymail.com
324,Michelle,Green,31613 Summit Street,Johnson City,TN,37602,985-461-7777,michelle_green97@rocketmail.com
325,Sara,Perry,531 5th Street,Arthur City,TX,75411,813-101-4378,sara_perry@outlook.com
326,Lillian,Martin,244 Oak Street,Palmyra,WI,53156,813-414-4083,lmartin@yahoo.com
327,Erin,Martin,43249 Cambridge Drive,Parkin,AR,72373,360-021-5278,e.martin@yahoo.com
328,Elizabeth,Rogers,2161 Oak Street,Woodridge,NY,12789,806-778-9547,e.l.rogers@aol.com
329,Gabriel,Bennett,6190 Route 1,Barry,MN,56210,610-239-7100,gabennett@hotmail.com
330,Michael,Bennett,745 Main Street East,Dille,WV,26617,918-436-0624,m.bennett@ymail.com
331,Ethan,Richardson,26521 Elizabeth Street,Elmont,NY,11003,307-948-9854,ethan@gmail.com
332,Brandon,Richardson,170 Warren Street,Pine Lake,GA,30072,361-189-9458,b_richardson@ymail.com
333,Abigail,Anderson,5790 Harrison Street,Dannebrog,NE,68831,574-059-2039,a_m_anderson@ymail.com
334,Henry,Green,329 Virginia Avenue,Winston Salem,NC,27130,469-183-7668,h_green@gmail.com
335,Robert,Smith,23 5th Street West,Umpire,AR,71971,681-475-4657,robertsmith@ymail.com
336,Sebastian,Nelson,404 Madison Avenue,Perry Hall,MD,21128,203-904-4371,sebastian@live.com
337,Daniel,Murphy,772 Beech Street,Lipscomb,TX,79056,502-478-0241,d.j.murphy33@yahoo.com
338,Audrey,Perry,8132 7th Street East,Vienna,VA,22182,512-504-9092,audreyperry@outlook.com
339,Isaac,Butler,8275 Ridge Road,El Mirage,AZ,85335,940-294-6674,icbutler29@outlook.com
340,Kaitlyn,Long,312 Main Street North,West Columbia,TX,77486,915-198-7649,kllong@live.com
341,Kevin,Johnson,3216 Main Street East,Fort Worth,TX,76132,610-738-2600,k.johnson@aol.com
342,Ryan,Cooper,66 Main Street North,Nunapitchuk,AK,99641,725-515-0162,r_g_cooper@aol.com
343,Sophia,Robinson,83672 Fairway Drive,Mcville,ND,58254,754-121-6725,sophiaannrobinson@ymail.com
344,Isaac,Collins,9052 Railroad Avenue,Dormansville,NY,12055,385-329-0167,i_r_collins@live.com
345,Heather,Peterson,3820 Vine Street,Enfield Center,NH,3749,957-764-1612,heather.peterson@live.com
346,Nicole,Garcia,8512 Hillcrest Drive,Jonesville,IN,47247,927-258-5678,n_a_garcia@gmail.com
347,Aaron,Butler,67 College Street,Midway,PA,15060,307-015-2525,a_t_butler@aol.com
348,Lillian,Mitchell,39 Cambridge Drive,Oklahoma City,OK,73150,330-641-4268,lmitchell@live.com
349,Brian,Coleman,74 Jefferson Street,Castalia,NC,27816,856-887-9067,brianmcoleman@gmail.com
350,Charlotte,Washington,7895 5th Street West,Pima,AZ,85543,831-448-6899,c.washington55@aol.com
351,Benjamin,Lewis,72 High Street,North Hollywood,CA,91602,405-856-6270,benjamin@hotmail.com
352,Amanda,Jackson,99702 2nd Street,Mission Viejo,CA,92690,210-259-8993,amanda.nicole.jackson@hotmail.com
353,Mateo,Johnson,559 Mulberry Street,Normal,AL,35762,620-649-1038,mcjohnson@rocketmail.com
354,Julian,Williams,71343 7th Street,Boulder Junction,WI,54512,318-629-8152,j_m_williams@ymail.com
355,Nathan,Green,49047 Meadow Lane,Smithfield,NE,68976,575-403-7544,ngreen47@aol.com
356,Alexandra,Murphy,19 2nd Avenue,Mount Summit,IN,47361,346-882-7251,a_l@live.com
357,Michelle,Hall,19258 11th Street,New Rockford,ND,58356,714-536-9952,michelle_hall@live.com
358,Laura,Richardson,72028 10th Street,Algonac,MI,48001,316-204-0836,laurarichardson@live.com
359,Charlotte,Miller,71205 Locust Street,Pleasant Unity,PA,15676,814-279-3564,charlottemiller@yahoo.com
360,Jack,Hall,3884 High Street,Denton,TX,76203,763-528-2979,jack_scott_hall@hotmail.com
361,Austin,Baker,469 Prospect Street,Gardner,IL,60424,302-482-3388,abaker@rocketmail.com
362,Kyle,Perez,674 New Street,Birch Tree,MO,65438,862-388-8941,kylejosephperez@hotmail.com
363,John,Howard,49 2nd Street East,Shirley,IL,61772,575-535-2144,johnd@hotmail.com
364,Jessica,Jenkins,75759 Lake Street,Kansas City,MO,64183,228-832-0542,jessica_f_jenkins@aol.com
365,Amelia,Butler,8617 East Street,Rothbury,MI,49452,337-002-1068,a.butler67@ymail.com
366,Daniel,Bailey,898 Creek Road,Lake City,PA,16423,215-746-7867,danielbailey@hotmail.com
367,Michael,Powell,9528 Riverside Drive,Kegley,WV,24731,515-932-0697,m.m.powell46@yahoo.com
368,Amber,White,4519 Grove Street,Millington,IL,60537,619-458-4537,alwhite@hotmail.com
369,Thomas,Henderson,22 Charles Street,Nocona,TX,76255,339-733-1090,t_d@ymail.com
370,Benjamin,Nelson,8120 Jefferson Street,North Bend,OH,45000,406-275-0074,benjamin.l@outlook.com
371,Victoria,Foster,76 College Avenue,Orangefield,TX,77639,346-112-9676,vfoster@rocketmail.com
372,Benjamin,Allen,5008 5th Street North,Stennis Space Center,MS,39522,816-754-6514,b.allen@live.com
373,Rachel,Russell,73 Pearl Street,Scappoose,OR,97056,727-884-7743,rachel@yahoo.com
374,Emily,Nelson,7219 Laurel Street,Jay,OK,74336,206-160-9020,emily@live.com
375,Julian,Ross,5852 Harrison Street,Searcy,AR,72143,301-051-0498,julian.ross@live.com
376,Jack,Allen,8995 Harrison Street,Cumberland Foreside,ME,4110,464-582-7476,jack.allen@gmail.com
377,Nicholas,Butler,52 South Street,Big Lake,TX,76932,978-215-3184,n.butler@hotmail.com
378,Sophia,Richardson,21 Poplar Street,Ashkum,IL,60911,845-966-4493,sjrichardson@aol.com
379,Mark,Perez,15736 2nd Street,Leesburg,VA,20177,540-548-7003,mtperez@live.com
380,Eleanor,King,91453 Spruce Street,Laughlintown,PA,15655,563-592-7565,eking@ymail.com
381,Justin,Cox,7616 Central Avenue,Clearwater,NE,68726,872-977-7636,justincox@aol.com
382,Haley,Reed,50 Park Drive,Hawthorne,NV,89415,319-518-1583,haleymichellereed@live.com
383,Haley,Perez,26977 East Street,Fort Worth,TX,76135,217-994-9174,h.r.perez@outlook.com
384,Jonathan,Thompson,39 Hill Street,Baton Rouge,LA,70806,334-308-8230,jonathaneugene@outlook.com
385,Gabriel,Torres,748 Park Drive,Blanchard,OK,73010,951-057-6483,gr@ymail.com
386,Alexander,Collins,125 Beech Street,Fort Worth,TX,76121,978-509-3443,a.collins71@ymail.com
387,Alexandra,Baker,46411 Franklin Street,Asheville,NC,28808,561-754-2913,alexandra_baker@yahoo.com
388,Anna,Davis,465 Winding Way,Volin,SD,57072,505-655-8107,a_davis@hotmail.com
389,Brianna,Allen,578 Clark Street,Meridian,MS,39304,267-413-4768,ballen@ymail.com
390,Kyle,Washington,77719 4th Avenue,Le Mars,IA,51031,309-270-0260,kyle_j_washington@gmail.com
391,Layla,Cox,11030 Park Avenue,Soper,OK,74759,737-061-7550,l_cox53@yahoo.com
392,Laura,Powell,932 Penn Street,Travelers Rest,SC,29690,253-131-9203,laurapowell@yahoo.com
393,Eleanor,Wright,2481 East Street,Donnelly,ID,83615,557-150-4665,eleanor.wright@ymail.com
394,Timothy,Torres,49675 School Street,Oklahoma City,OK,73189,570-513-8569,t_f_torres@aol.com
395,Isabella,Rivera,508 Market Street,Schuyler,VA,22969,860-297-0470,i.rivera@ymail.com
396,Julian,Kelly,1094 Franklin Avenue,Story,WY,82842,331-228-4483,julianrkelly@rocketmail.com
397,Isaac,Coleman,12471 North Street,Temple,TX,76503,301-567-7979,isaac.william@aol.com
398,Rebecca,Wright,474 Oak Lane,Cleveland,OH,44108,215-369-6208,r_j_wright@gmail.com
399,Alyssa,Gonzales,37 Grant Street,High Bridge,WI,54846,239-333-2317,alyssagonzales19@ymail.com
400,Kevin,Hughes,8908 Lakeview Drive,Lake Park,GA,31636,272-441-3053,kevinhughes@aol.com
401,David,Jenkins,8114 Summit Avenue,Chicago,IL,60629,774-719-3090,d.a@outlook.com
402,Nathan,Peterson,46 Fairview Avenue,Madison,NE,68748,562-352-0162,n_peterson@aol.com
403,Grace,Sanchez,13359 Walnut Street,Tangier,VA,23440,931-275-0481,grace.renee.sanchez@yahoo.com
404,Katherine,Lee,799 Hamilton Street,Wills Point,TX,75169,510-096-1196,katherine_lee@ymail.com
405,Dylan,Rivera,416 Charles Street,Girdletree,MD,21829,870-217-6046,dylan.rivera61@aol.com
406,Anna,Hughes,20 College Avenue,Closplint,KY,40927,213-249-6393,annamargarethughes@rocketmail.com
407,Jasmine,Cooper,28474 Chestnut Street,Casey,IL,62420,209-959-0526,jasminecooper@rocketmail.com
408,Ethan,Bennett,283 Grant Street,Beecher City,IL,62414,812-294-9084,e.bennett@rocketmail.com
409,David,King,29 Broad Street,Roanoke,VA,24030,512-474-4636,d.j.king@ymail.com
410,Rebecca,Thomas,17 7th Avenue,Sneads Ferry,NC,28460,220-286-0699,rthomas@rocketmail.com
411,Tiffany,Anderson,10 Elm Avenue,Pine Island,NY,10969,628-271-6208,tiffany@yahoo.com
412,Adam,Taylor,4684 10th Street,Hartford,CT,6153,803-935-3423,ataylor@yahoo.com
413,Jason,Anderson,17 Route 1,La Belle,MO,63447,307-199-7749,jason_a_anderson@live.com
414,Victoria,Parker,852 Myrtle Avenue,Saltese,MT,59867,575-620-3396,victoria_parker@aol.com
415,Amelia,Jenkins,5835 Walnut Avenue,Conception Junction,MO,64434,732-082-0391,ajenkins@gmail.com
416,Brittany,Ramirez,55 Williams Street,Cedarbluff,MS,39741,770-482-7372,brittanyramirez@ymail.com
417,Nicholas,Foster,3334 Hamilton Street,Orland,ME,4472,815-851-4820,nicholas_foster@yahoo.com
418,Anthony,Williams,642 Delaware Avenue,Harper,IA,52231,773-374-7009,anthony.williams@ymail.com
419,Brittany,Walker,5504 Prospect Avenue,Pontiac,IL,61764,430-765-7645,b_r_walker24@ymail.com
420,Katherine,Brooks,32 Meadow Lane,Monahans,TX,79756,669-727-3555,katherine.a93@gmail.com
421,Christina,Campbell,43 Church Street,New Windsor,NY,12553,754-366-7871,christina@rocketmail.com
422,Audrey,Adams,79669 Pennsylvania Avenue,Westminster,VT,5364,301-121-7000,a.adams@live.com
423,Jasmine,Johnson,3435 Elm Avenue,Feura Bush,NY,12067,859-969-1589,jasmine.johnson@outlook.com
424,Patrick,Martin,46 13th Street,Mount Pleasant,UT,84647,650-538-8021,patrick_martin@yahoo.com
425,Samuel,Young,87 Buckingham Drive,Necedah,WI,54646,605-274-2947,s_young@rocketmail.com
426,Ashley,Murphy,52372 Main Street,Perkinston,MS,39573,601-907-1525,a.murphy@outlook.com
427,Sofia,Gray,220 Warren Street,Parkman,OH,44080,848-334-1099,sofiagray@yahoo.com
428,Sebastian,Mitchell,722 Delaware Avenue,Blairstown,MO,64726,678-515-7518,s_mitchell@outlook.com
429,Alexis,Gray,64731 Summit Avenue,Prior Lake,MN,55372,719-064-4078,alexis_gray@hotmail.com
430,Heather,Peterson,78 Route 6,Warbranch,KY,40874,906-956-8939,hpeterson@yahoo.com
431,Steven,Young,4721 George Street,Aurora,MN,55705,276-705-3293,stevenyoung@live.com
432,Dylan,Rodriguez,9937 Walnut Avenue,Houston,TX,77292,848-797-0076,drodriguez@gmail.com
433,Courtney,Parker,37 6th Street West,Bethany,IL,61914,214-485-4322,c_m_parker@live.com
434,Kayla,Henderson,8836 Highland Avenue,Crum,WV,25669,210-781-0978,kayla@ymail.com
435,Richard,Cox,1175 Pennsylvania Avenue,Londonderry,NH,3053,763-008-6946,rjcox@live.com
436,Lillian,Allen,6951 Cedar Lane,Indianapolis,IN,46256,309-838-7450,lillian@yahoo.com
437,Owen,Collins,27 5th Street West,Asheville,NC,28804,339-651-7004,owenrcollins@yahoo.com
438,Oliver,Sanchez,8115 Lincoln Street,Kennett,MO,63857,315-321-2405,oliver_sanchez@ymail.com
439,Brittany,Bailey,13131 Primrose Lane,Madison,WI,53789,708-362-5323,brittany.elizabeth.bailey@ymail.com
440,Eleanor,Rodriguez,91 Fairview Avenue,Jacksonville,FL,32205,407-780-7155,eleanor_rodriguez@gmail.com
441,Rebecca,Taylor,68 New Street,Rockville Centre,NY,11592,770-808-5266,r_m_taylor@hotmail.com
442,James,Barnes,55 Woodland Drive,Ruby,AK,99768,256-693-2856,j.barnes@yahoo.com
443,Grace,Kelly,54553 Ridge Road,Jupiter,FL,33458,612-463-0930,graceakelly@outlook.com
444,Joshua,Ward,5282 Cambridge Drive,Center Conway,NH,3813,850-645-0159,joshuaward@rocketmail.com
445,Stephen,Anderson,1711 School Street,Helix,OR,97835,539-512-4651,stephen.w@yahoo.com
446,Benjamin,Washington,447 7th Street,Peebles,OH,45660,305-671-0513,benjamin@outlook.com
447,Amelia,Miller,19 Sherwood Drive,Millstone,WV,25261,862-354-7446,anmiller@aol.com
448,Amber,Cox,57 12th Street,Daly City,CA,94016,318-381-9962,amber.s.cox3@outlook.com
449,Owen,Brown,75 13th Street,Robbins,TN,37852,724-379-4944,owen_george_brown5@gmail.com
450,Nicholas,Lopez,297 2nd Avenue,Acme,PA,15610,557-617-8921,nicholaswlopez23@gmail.com
451,Sara,James,41 Magnolia Drive,Redding,CT,6896,646-882-2091,sara.james@rocketmail.com
452,Rebecca,Bennett,70418 High Street,Gould,AR,71643,979-564-3658,r_bennett@ymail.com
453,Samuel,Martinez,1856 Cherry Street,Merriman,NE,69218,458-501-2589,samuel_martinez@outlook.com
454,Natalie,Garcia,44 West Street,San Diego,CA,92130,864-831-3459,nataliefaithgarcia@ymail.com
455,Isaac,Morris,613 Valley Road,Bethesda,MD,20827,630-671-7012,isaactmorris@aol.com
456,Katherine,Hughes,78519 Railroad Avenue,Maplesville,AL,36750,769-459-1321,k.hughes@live.com
457,Michael,Reed,648 Vine Street,Jeffersonville,IN,47134,502-638-3093,mreed@hotmail.com
458,Anna,Patterson,8785 Holly Drive,Secaucus,NJ,7096,985-248-4736,a_j_patterson32@gmail.com
459,Maria,Nelson,69060 Poplar Street,Washington,DC,20527,959-955-8797,m_l@rocketmail.com
460,Alexis,Mitchell,2245 Main Street,Almo,ID,83312,478-362-7242,a_d_mitchell38@gmail.com
461,Kevin,Lee,29551 Court Street,Naylor,MO,63953,603-729-4789,k_t_lee@gmail.com
462,Allison,Davis,21 Warren Street,Beavercreek,OR,97004,760-123-8384,allisonadavis@outlook.com
463,Michael,Flores,29429 Cambridge Court,Humble,TX,77338,419-469-7400,michaelflores@hotmail.com
464,Tyler,Hayes,848 Circle Drive,Buena Park,CA,90621,936-280-3537,t.hayes@yahoo.com
465,Maria,Lopez,7413 6th Street West,Seminole,FL,33772,629-704-0799,m_lopez@hotmail.com
466,David,Russell,4 Highland Avenue,Foley,MN,56329,857-951-6330,david_russell@yahoo.com
467,Andrew,Rivera,4027 North Street,Lawai,HI,96765,619-038-0790,andrew.alan.rivera@ymail.com
468,Adam,Anderson,46994 Spruce Street,Provo,UT,84603,347-691-0596,a_anderson@rocketmail.com
469,Megan,Henderson,91 Winding Way,Gentry,MO,64453,872-205-9561,m.m.henderson@ymail.com
470,Danielle,Diaz,1100 Brookside Drive,Gainesville,FL,32641,619-926-3250,daniellekay@outlook.com
471,Alyssa,Hall,33446 College Avenue,Greenville,IL,62246,816-013-3560,a_hall@aol.com
472,Nicole,Foster,42 Cherry Lane,New Market,IN,47965,567-836-7205,n_foster@rocketmail.com
473,Michelle,Alexander,3830 Chestnut Street,La Porte City,IA,50651,267-479-2047,m.a.alexander87@gmail.com
474,Alexandra,Diaz,84 Court Street,Hilo,HI,96720,740-709-7890,alexandra.diaz@hotmail.com
475,Alexis,Diaz,74 Green Street,Hanover,MD,21098,202-224-4358,ardiaz66@yahoo.com
476,Mateo,Walker,8926 Fairway Drive,Richmond,VA,23218,260-564-1050,m_walker@live.com
477,Joseph,Barnes,44 3rd Street,Statesville,NC,28677,804-208-0216,josephbarnes@rocketmail.com
478,Jonathan,Coleman,2938 Highland Drive,Alpine,CA,91903,980-134-4688,jonathan.coleman@yahoo.com
479,Amber,Brown,15 Railroad Avenue,Miami,FL,33129,984-778-7088,albrown@rocketmail.com
480,Mary,Johnson,80 12th Street,Cherokee,AL,35616,813-340-8004,m_j@hotmail.com
481,Katherine,Bennett,2764 Front Street North,Oshkosh,NE,69154,310-626-8513,k.l.bennett@live.com
482,Haley,Adams,45597 2nd Street West,Centerville,UT,84014,828-391-6428,h_adams23@outlook.com
483,Owen,Gray,4638 Union Street,Palm Springs,CA,92262,239-590-7311,owen.gray@ymail.com
484,Laura,Watson,92 Hillside Drive,Santa Claus,IN,47579,682-062-4150,ll@rocketmail.com
485,Steven,Ward,2 Surrey Lane,Mallory,WV,25634,870-434-0847,s.ward@gmail.com
486,Eleanor,Johnson,6717 Prospect Avenue,Louisville,KY,40211,815-142-4401,e.m.johnson@hotmail.com
487,Nathan,Watson,3830 4th Street West,Ravencliff,WV,25913,469-244-5926,nathanwatson@yahoo.com
488,Alexandra,Turner,77 George Street,New Castle,IN,47362,216-319-4554,alexandraturner@ymail.com
489,Jack,Taylor,872 Elm Avenue,Orange,CA,92865,501-242-8162,j.a@aol.com
490,Elizabeth,Bell,7070 Bridge Street,Irons,MI,49644,312-876-7692,elizabeth_bell@rocketmail.com
491,Joseph,Mitchell,17834 Division Street,Old Forge,NY,13420,425-987-3043,jmmitchell@ymail.com
492,Matthew,Adams,321 Route 1,Easton,MN,56025,909-909-1591,m.adams@hotmail.com
493,Richard,Foster,21744 North Street,Bueche,LA,70720,503-313-8961,richard_r@ymail.com
494,Audrey,Clark,3900 Academy Street,Bixby,OK,74008,779-986-1429,a.clark@yahoo.com
495,Victoria,Bailey,952 Walnut Street,Galena,MO,65656,352-006-6823,victoriagracebailey@hotmail.com
496,Oliver,Ward,99 Shady Lane,Agar,SD,57520,541-521-2942,oliver@gmail.com
497,Sophia,Russell,142 Front Street,North Las Vegas,NV,89033,830-241-1053,sophia@ymail.com
498,Kelsey,Kelly,8227 Dogwood Lane,Norman,OK,73019,952-884-2263,kelseykelly@aol.com
499,Dylan,Scott,475 Jefferson Street,Merrifield,VA,22116,423-257-3285,d_r_scott@live.com
500,Justin,Williams,5725 Maple Street,Ariel,WA,98603,615-590-3619,justin_williams@live.com