1,Timothy,Stewart,870 Harrison Street,Las Vegas,NV,89149,464-053-7756,timothy_william_stewart@live.com
2,Christina,Wright,353 2nd Avenue,Elk Point,SD,57025,661-738-0191,ci@yahoo.com
3,Amber,Anderson,7395 4th Avenue,Charlotte,NC,28211,310-092-7614,amber_lynn_anderson@aol.com
4,Kelsey,Miller,1427 Pennsylvania Avenue,Milwaukee,WI,53208,567-949-3382,k.g.miller64@hotmail.com
5,Isaac,Hall,56 Spring Street,Arvada,CO,80007,283-308-5634,isaac_hall@gmail.com
6,Dylan,Smith,642 1st Avenue,Scottsville,NY,14546,703-386-6946,dylandavidsmith68@live.com
7,Stephen,Brooks,1571 Water Street,Okreek,SD,57563,206-895-9977,s_j_brooks@live.com
8,Austin,Green,6267 Highland Avenue,Tipton,KS,67495,713-504-9709,a.c29@yahoo.com
9,Jonathan,Ross,733 Cambridge Court,New York,NY,10096,575-307-0300,jonathan.c.ross@outlook.com
10,Rachel,Hill,4545 Lafayette Avenue,Congers,NY,10920,770-726-4813,rachel@hotmail.com
11,Owen,Rogers,45 Jefferson Avenue,Fairplains,NC,28559,806-214-0592,orogers46@live.com
12,Sean,Carter,478 Main Street South,Chicago,IL,60659,757-503-7034,seancarter@outlook.com
13,Alexander,Ross,54 Prospect Avenue,Slippery Rock,PA,16057,701-642-3765,a_l_ross@hotmail.com
14,Austin,Perez,65115 Lakeview Drive,Rolla,MO,65401,424-567-1613,aperez@ymail.com
15,Aiden,Stewart,66 Durham Road,Juneau,PA,15751,408-288-0294,a.m.stewart@ymail.com
16,Amanda,Johnson,62124 Charles Street,Snow Shoe,PA,16874,208-195-0100,a.a@outlook.com
17,Patrick,Barnes,84 Durham Road,White Hall,VA,22987,617-840-0452,pbarnes@live.com
18,Sofia,Kelly,86272 Pearl Street,Brick,NJ,8723,409-105-7885,skelly@outlook.com
19,Kevin,Lopez,57757 Prospect Avenue,Lisbon,OH,44432,979-897-7427,kevin.scott@live.com
20,Tiffany,Clark,356 7th Street East,Los Altos,CA,94023,772-681-6604,tiffanyk@live.com
21,Sean,Hill,842 Front Street North,Ann Arbor,MI,48103,276-259-4631,sean_a_hill19@rocketmail.com
22,Abigail,Morgan,1698 Cedar Lane,Galena Park,TX,77547,952-709-8481,a.morgan@live.com
23,Allison,Lewis,82 Ridge Road,Leesville,OH,44639,952-578-8454,a_j_lewis@live.com
24,Ashley,Cooper,500 13th Street,Morgan City,LA,70381,231-181-9914,a_cooper@outlook.com
25,Natalie,Kelly,51 Jefferson Street,Huron,CA,93234,814-144-7514,nataliekelly60@hotmail.com
26,Kaitlyn,Butler,841 3rd Avenue,Fountain Hills,AZ,85268,941-905-5790,kaitlynfbutler@live.com
27,Benjamin,Robinson,327 Church Road,Richmondville,NY,12149,307-033-7831,b_a_robinson@outlook.com
28,Amanda,Davis,7740 Madison Street,Ackworth,IA,50001,813-153-2494,a_davis@live.com
29,Oliver,Adams,9 6th Avenue,Stearns,KY,42647,615-112-1049,oliverjamesadams@hotmail.com
30,Robert,Washington,147 Route 32,Weston,MA,2193,660-587-5089,r.washington13@ymail.com
31,Justin,Stewart,7005 Meadow Lane,Cobden,IL,62920,989-131-4309,justin@aol.com
32,Joseph,Rodriguez,4480 Penn Street,Pleasant Plains,AR,72568,508-747-3483,joseph74@live.com
33,Stephen,Henderson,45363 5th Street West,Oberlin,LA,70655,661-613-2394,s.henderson@ymail.com
34,Sebastian,Alexander,31371 Jefferson Street,Apache,OK,73006,740-552-6112,sebastianjosephalexander@live.com
35,Amelia,Mitchell,47426 2nd Avenue,Stonewall,OK,74871,407-489-8219,a.m.mitchell@outlook.com
36,Kayla,Wood,22891 Harrison Street,Needles,CA,92363,845-473-6702,kayla.louise.wood@outlook.com
37,Ryan,Young,839 2nd Street,Mayville,NY,14757,303-048-2168,ryoung42@rocketmail.com
38,Joshua,Ward,590 1st Avenue,Crocketville,SC,29913,801-707-6041,joshuaward@hotmail.com
39,Matthew,Lewis,78 Walnut Street,Margaretville,NY,12455,252-146-4728,matthew_l_lewis@outlook.com
